Order ID,Product ID,Product Title,Price,Currency,Created At
68f76c5a38f4aef2aaefdfea,6891358ec74a37ba545767d8,finished testimonial Vol. 3,31.99,GBP,2025-08-04T22:34:54.667Z
68f76c5a38f4aef2aaefdfea,6891358ec74a37ba545767d5,close widow Vol. 5,42.84,GBP,2025-08-04T22:34:54.667Z
68f76c5a38f4aef2aaefdfea,6891358ec74a37ba545767d7,milky hope Vol. 3,29.02,GBP,2025-08-04T22:34:54.667Z
68f76c5a38f4aef2aaefdfea,6891358ec74a37ba545767db,brown catalyst Vol. 4,9.79,GBP,2025-08-04T22:34:54.667Z
68f76c5a38f4aef2aaefdfea,6891358ec74a37ba545767d1,bruised acquaintance Vol. 3,14.98,GBP,2025-08-04T22:34:54.667Z
68f76c5a38f4aef2aaefdfea,6891358ec74a37ba545767da,sizzling horde Vol. 3,7.28,GBP,2025-08-04T22:34:54.667Z
68f76c5a38f4aef2aaefdfea,6891358ec74a37ba545767d6,warm request Vol. 1,28.27,GBP,2025-08-04T22:34:54.667Z
68f76c5a38f4aef2aaefdfea,6891358ec74a37ba545767df,overdue defendant Vol. 4,34.21,GBP,2025-08-04T22:34:54.667Z
68f76c5a38f4aef2aaefdfea,6891358ec74a37ba545767d2,gorgeous divine Vol. 2,9.77,GBP,2025-08-04T22:34:54.667Z
68f76c5a38f4aef2aaefdfea,6891358ec74a37ba545767d3,abandoned palate Vol. 5,41.08,GBP,2025-08-04T22:34:54.667Z
68f76c5a38f4aef2aaefdfea,6891358ec74a37ba545767dc,remarkable teammate Vol. 2,15.52,GBP,2025-08-04T22:34:54.667Z
68f76c5a38f4aef2aaefdfea,6891358ec74a37ba545767cf,icy vol Vol. 5,39,GBP,2025-08-04T22:34:54.667Z
68f76c5a38f4aef2aaefdfea,6891358ec74a37ba545767dd,ethical punctuation Vol. 3,40.07,GBP,2025-08-04T22:34:54.667Z
68f76c5a38f4aef2aaefdfea,6891358ec74a37ba545767d9,formal summary Vol. 2,42.47,GBP,2025-08-04T22:34:54.667Z
68f76c5a38f4aef2aaefdfea,6891358ec74a37ba545767de,lumpy interviewer Vol. 2,24.14,GBP,2025-08-04T22:34:54.667Z
68f76c5a38f4aef2aaefdfea,6891358ec74a37ba545767e1,kooky dime Vol. 5,27.38,GBP,2025-08-04T22:34:54.667Z
68f76c5a38f4aef2aaefdfea,6891358ec74a37ba545767e0,negative diver Vol. 2,33.83,GBP,2025-08-04T22:34:54.667Z
68f76c5a38f4aef2aaefdfea,6891358ec74a37ba545767d4,cavernous yeast Vol. 3,25.84,GBP,2025-08-04T22:34:54.667Z
68f76c5a38f4aef2aaefdfea,6891358ec74a37ba545767d0,gigantic plugin Vol. 1,32.06,GBP,2025-08-04T22:34:54.667Z
68f76c5a38f4aef2aaefdfea,6891358ec74a37ba545767ce,breakable traditionalism Vol. 3,5.58,GBP,2025-08-04T22:34:54.667Z
